"talk_id","author_order","author","institution","location"
1,1,"David Rosenbaum","Stephen F. Austin State University","Nacogdoches, TX, USA"
1,2,"Daniel Saenz","United States Forest Service","Nacogdoches, TX, USA"
1,3,"Christopher M. Schalk","Stephen F. Austin State University","Nacogdoches, TX, USA"
2,1,"Bethany Friesenhahn","Texas A&M University Kingsville","KINGSVILLE, TX, USA"
2,2,"Randy W. DeYoung","Texas A&M University Kingsville","KINGSVILLE, TX, USA"
2,3,"Humberto L. Perotto-Baldivieso","Texas A&M University Kingsville","KINGSVILLE, TX, USA"
2,4,"Michael J. Cherry","Texas A&M University Kingsville","KINGSVILLE, TX, USA"
2,5,"Nathan P. Snow","USDA","Animal Plant and Health Inspection Service, Wildlife Services, National Wildlife"
2,6,"Research Center",NA,"Fort Collins, CO, USA"
2,7,"Kurt C. VerCauteren","USDA","Animal Plant and Health Inspection Service, Wildlife Services, National Wildlife"
2,8,"Research Center",NA,"Fort Collins, CO, USA"
3,1,"Liam G. Wolff","Stephen F. Austin State University","Nacogdoches, TX, USA"
3,2,"Clifford E. Shackelford","Texas Parks and Wildlife Department","Nacogdoches, TX, USA"
3,3,"Daniel Saenz","U.S. Department of Agriculture","Nacogdoches, TX, USA"
3,4,"I-Kuai Hung","Stephen F. Austin State University","Nacogdoches, TX, USA"
3,5,"Christopher M. Schalk","Stephen F. Austin State University","Nacogdoches, TX, USA"
4,1,"Erin C. O'Connell","Borderlands Research Institute-SRSU","Alpine, Texas, United States"
4,2,"Justin T. French","Borderlands Research Institute-SRSU","Alpine, TX, USA"
4,3,"Carlos E. Gonzalez","Borderlands Research Institute-SRSU","Alpine, TX, USA"
4,4,"Louis A. Harveson","Borderlands Research Institute-SRSU","ALPINE, Texas, United States"
4,5,"Shawn S. Gray","Texas Parks and Wildlife Department","Alpine, TX, USA"
6,1,"Maksim Sergeyev","Caesar Kleberg Wildlife Research Institute","Kingsville, TX, USA"
6,2,"Joseph D. Holbrook","Haub School of the Environment and Natural Resources","Laramie, WY, USA"
6,3,"Jason V. Lombardi","Caesar Kleberg Wildlife Research Institute","Kingsville, TX, USA"
6,4,"Michael E. Tewes","Caesar Kleberg Wildlife Research Institute","Kingsville, TX, USA"
6,5,"Tyler A. Campbell","East Foundation","San Antonio, TX, USA"
7,1,"Emily Card","Sul Ross State University","Alpine, TX, USA"
7,2,"Mieke Titulaer","Sul Ross State University","Alpine, TX, USA"
7,3,"Carlos E. Gonzalez","Sul Ross State University","Alpine, TX, USA"
7,4,"Louis A. Harveson","Sul Ross State University","Alpine, TX, USA"
8,1,"Rebekah Janelle Rylander","Texas State University","San Marcos, Texas, United States"
8,2,"Sarah Fritts","Texas State University","San Marcos, TX, USA"
9,1,"R. Keith Andringa","Texas A&M University","College Station, TX, USA"
9,2,"Jacquelyn K. Grace","Texas A&M University","College Station, TX, USA"
10,1,"Camryn Kiel","Texas A&M University","College Station, TX, USA"
11,1,"Lois Balin","Texas Parks and Wildlife Department","El Paso, TX, USA"
11,2,"Richard Heilbrun","Texas Parks and Wildlife Department","San Antonio, TX, USA"
11,3,"Kelly Norrid","Texas Parks and Wildlife Department","Houston, TX, USA"
11,4,"Jon Purvis","Texas Parks and Wildlife Department","Austin, TX, USA"
12,1,"Lois Balin","Texas Parks and Wildlife Department","El Paso, TX, USA"
12,2,"Richard Heilbrun","Texas Parks and Wildlife Department","San Antonio, TX, USA"
12,3,"Kelly Norrid","Texas Parks and Wildlife Department","Houston, TX, USA"
12,4,"Jon Purvis","Texas Parks and Wildlife Department","Austin, TX, USA"
13,1,"Levi Heffelfinger","Texas A&M University - Kingsville","Kingsville, TX, USA"
13,2,"Ryan Reitz","Texas Parks and Wildlife Department","Kerrville, TX, USA"
13,3,"Deanna Pfeffer","Texas Parks and Wildlife Department","Kerrville, TX, USA"
13,4,"David Wester","Texas A&M University - Kingsville","Kingsville, TX, USA"
13,5,"Randy DeYoung","Texas A&M University - Kingsville","Kingsville, TX, USA"
13,6,"David Hewitt","Texas A&M University - Kingsville","Kingsville, TX, USA"
14,1,"Willis Sontheimer","Texas State University","San Marcos, TX, USA"
14,2,"Deanna Pfeffer","Texas Parks and Wildlife Department","Hunt, TX, USA"
14,3,"Floyd Weckerly","Texas State University","San Marcos, TX, USA"
15,1,"Jacob L. Dykes","CKWRI","Kingsville, TX, USA"
15,2,"Austin K. Killam","CKWRI","Kingsville, TX, USA"
15,3,"Breanna R. Green","CKWRI","Kingsville, TX, USA"
15,4,"Clayton D. Hilton","CKWRI","Kingsville, TX, USA"
15,5,"Evan P. Tanner","CKWRI","Kingsville, TX, USA"
15,6,"Michael J. Cherry","CKWRI","Kingsville, TX, USA"
15,7,"Randy W. DeYoung","CKWRI","Kingsville, TX, USA"
16,1,"Calvin C. Ellis","Texas A&M University - Kingsville","Kingsville, TX, USA"
16,2,"Levi J. Heffelfinger","Texas A&M University - Kingsville","Kingsville, TX, USA"
16,3,"Shawn S. Gray","Texas Parks & Wildlife","Alpine, TX, USA"
16,4,"David G. Hewitt","Texas A&M University - Kingsville","Kingsville, TX, USA"
16,5,"Michael J. Cherry","Texas A&M University - Kingsville","Kingsville, TX, USA"
17,1,"Kathryn M. Sliwa","Caesar Kleberg Wildlife Research Institute, TAMUK","Kingsville, TX, USA"
17,2,"Jeremy A. Baumgardt","Caesar Kleberg Wildlife Research Institute, TAMUK","Kingsville, TX, USA"
17,3,"Randy W. DeYoung","Caesar Kleberg Wildlife Research Institute, TAMUK","Kingsville, TX, USA"
17,4,"J. Alfonso Ortega-S.","Caesar Kleberg Wildlife Research Institute, TAMUK","Kingsville, TX, USA"
17,5,"David G. Hewitt","Caesar Kleberg Wildlife Research Institute, TAMUK","Kingsville, TX, USA"
17,6,"John A. Goolsby","USDA Agricultural Research Service, Cattle Fever Tick Research Laboratory","Edinburg, TX, "
17,7,"USA",NA,NA
17,8,"Kimberly H. Lohmeyer",NA,", USDA Agricultural Research Service, Knipling-Bushland U.S. Livestock Insects"
17,9,"Research Laboratory and Veterinary Pest Genomics Center",NA,"Kerrville, TX, USA"
18,1,"Preston L. McKee","Borderlands Research Institute","Alpine, TX, USA"
18,2,"Justin T. French","Borderlands Research Institute","Alpine, TX, USA"
18,3,"Carlos E. Gonzalez","Borderlands Research Institute","Alpine, TX, USA"
18,4,"Louis Harveson","Borderlands Research Institute","Alpine, TX, USA"
18,5,"Shawn Gray","Texas Parks and Wildlife","Alpine, TX, USA"
18,6,"Froylan Hernadez","Texas Parks and Wildlife","Alpine, TX, USA"
19,1,"Richard Heilbrun","Texas Parks and Wildlife","San Antonio, TX, USA"
20,1,"Jared Messick","Texas State University","San Marcos, TX, USA"
20,2,"Christopher Serenari","Texas State University","San Marcos, TX, USA"
21,1,"J. Andrew DeWoody","Purdue University","West Lafayette, IN, USA"
21,2,"Avril M. Harder","Auburn University","Auburn, AL, USA"
21,3,"Samarth Mathur","Ohio State University","Columbus, OH, USA"
21,4,"Janna R. Willoughby","Auburn University","Auburn, AL, USA"
22,1,"Ederéwoma Ohwobete","St. Edwards University","Austin, TX, USA"
22,2,"Darren Proppe","St. Edwards University","Austin, TX, USA"
23,1,"Kaitlyn Restivo","Texas A&M University","College Station, TX, USA"
23,2,"Dr. Sanford Smith","Penn State University","University Park, PA, USA"
23,3,"Dr. Gary Briers","Texas A&M University","College Station, TX, USA"
23,4,"Dr. Maureen Frank","Texas A&M University","College Station, TX, USA"
24,1,"Darren Proppe","St. Edward's University","Austin, TX, USA"
25,1,"Teresa Kenny","Texas A&M University","College Station, TX, USA"
26,1,"Drake Rangel","Texas A&M University-Kingsville","Kingsville, TX, USA"
26,2,"Christin Moeller","Texas A&M University-Kingsville","Kingsville, TX, USA"
26,3,"Luke Willard","Texas A&M University-Kingsville","Kingsville, TX, USA"
26,4,"Scott E. Henke","Texas A&M University-Kingsville","Kingsville, TX, USA"
26,5,"Cord B. Eversole","Texas A&M International University","Laredo, TX, USA"
26,6,"Ruby Ayala","Texas A&M International University","Laredo, TX, USA"
27,1,"Toby J. Hibbitts","Texas A&M University","College Station, Texas, United States"
27,2,"Danielle K. Walkup","Texas A&M University","College Station, TX, USA"
27,3,"Price Brown","Texas A&M University","College Station, TX, USA"
27,4,"Wade Ryberg","Texas A&M University","College Station, TX, USA"
28,1,"Danielle K. Walkup","Natural Resource Institute, Texas A&M University","College Station, TX, USA"
28,2,"Bret A. Collier","School of Renewable Natural Resources, Louisiana State University","Baton Rouge, LA, USA"
28,3,"Kevin L. Skow","Natural Resource Institute, Texas A&M University","College Station, TX, USA"
28,4,"Wade A. Ryberg","Natural Resource Institute, Texas A&M University","College Station, Texas, United States"
28,5,"Toby J. Hibbitts",NA,"Natural Resource Institute, Biodiversity Research and Teaching Collections, Department of"
28,6,"Ecology and Conservation Biology","Texas A&M University","College Station, TX, USA"
28,7,"Lee A. Fitzgerald",NA,"Biodiversity Research and Teaching Collections, Department of Ecology and Conservation"
28,8,"Biology","Texas A&M University","College Station, TX, USA"
28,9,"Roel R. Lopez","Natural Resource Institute","Department of Rangeland, Wildlife and Fisheries Management, "
28,10,"Texas A&M University",NA,"College Station, TX, USA"
30,1,"Drake Rangel","Texas A&M University-Kingsville","Kingsville, TX, USA"
30,2,"Christin Moeller","Texas A&M University-Kingsville","Kingsville, TX, USA"
30,3,"Luke Willard","Texas A&M University-Kingsville","Kingsville, TX, USA"
30,4,"Scott E. Henke","Texas A&M University-Kingsville","Kingsville, TX, USA"
30,5,"Cord B. Eversole","Texas A&M International University","Laredo, TX, USA"
30,6,"Ruby Ayala","Texas A&M International University","Laredo, TX, USA"
31,1,"Jon Purvis","Texas Parks and Wildlife Department","Austin, Texas, United States"
31,2,"Robert Perez","Texas Parks and Wildlife Department","Pleasanton, TX, USA"
32,1,"Donal A. Woodard","East Foundation","Hebbronville, TX, USA"
32,2,"Leonard Brennan","Caesar Kleberg Wildlife Research Institute","Texas A&M University – Kingsville, Kingsville, "
32,3,"TX",NA,"USA"
32,4,"Fidel Hernández","Caesar Kleberg Wildlife Research Institute","Texas A&M University – Kingsville, Kingsville, "
32,5,"TX",NA,"USA"
32,6,"Humberto Perotto-Baldivieso",NA,"Caesar Kleberg Wildlife Research Institute, Texas A&M University –"
32,7,"Kingsville",NA,"Kingsville, TX, USA"
32,8,"Neal Wilkins","East Foundation","San Antonio, TX, USA"
32,9,"Andrea Montalvo","East Foundation","Hebbronville, TX, USA"
33,1,"Kristyn G. Stewart","Caesar Kleberg Wildlife Research Institute","Texas A&M University-Kingsville, Kingsville, "
33,2,"TX",NA,"USA"
33,3,"Fidel Hernández","Caesar Kleberg Wildlife Research Institute","Texas A&M University-Kingsville, Kingsville, "
33,4,"TX",NA,"USA"
33,5,"Alejandra Olivera-Mendez",NA,"Colegio de Postgraduados, San Luis Potosí, Mexico"
33,6,"Jon S. Horne","Idaho Department of Fish and Game","Boise, ID, USA"
33,7,"Sabrina H. Szeto",NA,"Sabrina Szeto Consulting, Isen, Germany"
33,8,"Angela M. Guerrero","Stockholm Resilience Centre","Stockholm University, Stockholm, Sweden"
33,9,"John W. McLaughlin","Texas Parks and Wildlife Department","Lubbock, TX, USA"
34,1,"Sophie A. Morris","Department of Natural Resources, Texas Tech University","Lubbock, TX, USA"
34,2,"Clint W. Boal","U.S Geological Survey, Texas Cooperative Fish and Wildlife Research Unit","Lubbock, TX, USA"
34,3,"David A. Haukos","U.S. Geological Survey","Kansas Cooperative Fish and Wildlife Research Unit, Manhattan, "
34,4,"KS",NA,"USA"
34,5,"Blake A. Grisham","Department of Natural Resources, Texas Tech University","Lubbock, TX, USA"
35,1,"Emily A. Wright","Texas Tech University","Lubbock, TX, USA"
35,2,"Rachael C. Wiedmeier","Texas Tech University","Lubbock, TX, USA"
35,3,"Emma K. Roberts","Texas Tech University","Lubbock, TX, USA"
35,4,"Froylan Hernandez","Texas Parks and Wildlife Department","Alpine, TX, USA"
35,5,"Warren C. Conway","Texas Tech University","Lubbock, TX, USA"
35,6,"Robert D. Bradley","Texas Tech University","Lubbock, TX, USA"
36,1,"Sarah R. Fritts","Texas State University","San Marcos, TX, USA"
36,2,"Brittany Stamps","Texas State University","San Marcos, TX, USA"
36,3,"Emma Guest","Texas State University","San Marcos, TX, USA"
36,4,"Cris Hein","National Renewable Energy Laboratory","Golden, CO, USA"
36,5,"Amanda Hale","Texas Christian University","Fort Worth, TX, USA"
36,6,"Brogan Morton","Wildlife Imaging Systems","Hinesburg, VT, USA"
36,7,"Sara Weaver","Bowman","San Marcos, TX, USA"
37,1,"Kylie F. Perez","Texas A&M University","College Station, TX, USA"
38,1,"Natalie M. Hamilton","Texas A&M University","College Station, TX, USA"
39,1,"Olivia C. Gray","Borderlands Research Institute, Sul Ross State University","Alpine, TX, USA"
39,2,"Justin T. French","Borderlands Research Institute, Sul Ross State University","Alpine, TX, USA"
39,3,"Carlos E. Gonzalez","Borderlands Research Institute, Sul Ross State University","Alpine, TX, USA"
39,4,"Louis A. Harveson","Borderlands Research Institute, Sul Ross State University","Alpine, TX, USA"
39,5,"Froylan Hernandez","Texas Parks and Wildlife Department","Alpine, TX, USA"
39,6,"Shawn Gray","Texas Parks and Wildlife Department","Alpine, TX, USA"
40,1,"Lee Harris Williamson","Texas Parks and Wildlife","Hunt, TX, USA"
40,2,"Justin Foster","Texas Parks and Wildlife","Hunt, TX, USA"
40,3,"John Kinsey","Texas Parks and Wildlife","Hunt, TX, USA"
40,4,"Nathan Snow","National Wildlife Research Center","Fort Collins, CO, USA"
41,1,"Samantha J. Leivers","Texas A&M University","College Station, TX, USA"
41,2,"Keith M. Carlisle","Texas A&M University","College Station, TX, USA"
41,3,"Rachel L. Connally","Texas A&M University","College Station, TX, USA"
41,4,"Maureen G. Frank","Texas A&M University","College Station, TX, USA"
41,5,"John M. Tomecek","Texas A&M University","College Station, TX, USA"
42,1,"Ashley C. Wahlberg","Stephen F. Austin State University","Nacogdoches, TX, USA"
42,2,"Reuber Antoniazzi","Stephen F. Austin State University","Nacogdoches, TX, USA"
42,3,"Christopher M. Schalk","U.S. Forest Service, Southern Research Station","Nacogdoches, TX, USA"
43,1,"Matthew J. Buchholz","Texas Tech University","Lubbock, TX, USA"
43,2,"Emily A. Wright","Texas Tech University","Lubbock, TX, USA"
43,3,"Blake A. Grisham","Texas Tech University","Lubbock, TX, USA"
43,4,"Robert D. Bradley","Texas Tech University","Lubbock, TX, USA"
43,5,"Thomas L. Arsuffi","Texas Tech University -Junction","Junction, TX, USA"
43,6,"Warren C. Conway","Texas Tech University","Lubbock, TX, USA"
45,1,"Connor S. Adams","Stephen F. Austin State University","Nacogdoches, TX, USA"
45,2,"Paul Crump","Texas Parks and Wildlife","Austin, TX, USA"
45,3,"Christopher M. Schalk","Stephen F. Austin State University","Nacogdoches, TX, USA"
46,1,"Jessica M. Heckman","West Texas A&M University","Canyon, TX, USA"
46,2,"Peter A. Scott","West Texas A&M University","Canyon, TX, USA"
46,3,"Richard T. Kazmaier","West Texas A&M University","Canyon, TX, USA"
47,1,"Tatiana Joaqui","Stephen F. Austin State University","Nacogdoches, TX, USA"
47,2,"Daniel Saenz","U.S. Forest Service, Southern Research Station","Nacogdoches, TX, USA"
47,3,"Cory Adams","U.S. Forest Service, Southern Research Station","Nacogdoches, TX, USA"
47,4,"Toby Hibbitts",NA,"Biodiversity Research and Teaching Collection, Department of Ecology and Conservation"
47,5,"Biology","Texas A&M University","Nacogdoches, TX, USA"
47,6,"Christopher Schalk","Stephen F. Austin State University","Nacogdoches, TX, USA"
48,1,"Veda Allen","Stephen F. Austin State University","Nacogdoches, TX, USA"
48,2,"Daniel Saenz","US Forest Service","Nacogdoches, TX, USA"
48,3,"Christopher Schalk","Stephen F. Austin State University","Nacogdoches, TX, USA"
49,1,"Jeremy A. Baumgardt",NA,"Caesar Kleberg Wildlife Research Institute, Texas A&M University - Kingsville, "
49,2,"Kingsville",NA,"TX, USA"
49,3,"Ashley G. Hodge","Caesar Kleberg Wildlife Research Institute","Texas A&M University - Kingsville, Kingsville, "
49,4,"TX",NA,"USA"
49,5,"Randy W. DeYoung",NA,"Caesar Kleberg Wildlife Research Institute, Texas A&M University - Kingsville, "
49,6,"Kingsville",NA,"TX, USA"
49,7,"J. Alfonso Ortega-S","Caesar Kleberg Wildlife Research Institute","Texas A&M University - Kingsville, Kingsville, "
49,8,"TX",NA,"USA"
49,9,"David G. Hewitt","Caesar Kleberg Wildlife Research Institute","Texas A&M University - Kingsville, Kingsville, "
49,10,"TX",NA,"USA"
49,11,"John A. Goolsby","USDA Agricultural Research Service","Cattle Fever Tick Research Laboratory, EDINBURG, "
49,12,"TX",NA,"USA"
49,13,"Kimberly H. Lohmeyer",NA,"USDA Agricultural Research Service, Knipling-Bushland U.S. Livestock Insects"
49,14,"Research Laboratory and Veterinary Pest Genomics Center",NA,"Kerville, TX, USA"
51,1,"Angela M. Grogan","Texas Tech University","Lubbock, TX, USA"
51,2,"Emily A. Wright","Texas Tech University","Lubbock, TX, USA"
51,3,"Matthew J. Buchholz","Texas Tech University","Lubbock, TX, USA"
51,4,"Courtney L. Ramsey","Texas Tech University","Lubbock, TX, USA"
51,5,"Robert D. Bradley","Texas Tech University","Lubbock, TX, USA"
51,6,"Warren C. Conway","Texas Tech University","Lubbock, Texas, United States"
52,1,"Ashley G. Hodge","Texas A&M University-Kingsville","Kingsville, Texas, United States"
52,2,"Jeremy A. Baumgardt","Texas A&M University-Kingsville","Kingsville, TX, USA"
52,3,"Randy W. DeYoung","Texas A&M University-Kingsville","Kingsville, TX, USA"
52,4,"Michael J. Cherry","Texas A&M University-Kingsville","Kingsville, Texas, United States"
52,5,"Aaron M. Foley","Texas A&M University-Kingsville","Kingsville, TX, USA"
52,6,"David G. Hewitt","Texas A&M University-Kingsville","Kingsville, TX, USA"
52,7,"John A. Goolsby","U.S. Department of Agriculture - Agricultural Research Service","Kerrville, TX, USA"
52,8,"Kim H. Lohmeyer","U.S. Department of Agriculture - Agricultural Research Service","Kerrville, TX, USA"
53,1,"Rachael C. Wiedmeier","Texas Tech University","Lubbock, TX, USA"
53,2,"Emily A. Wright","Texas Tech University","Lubbock, TX, USA"
53,3,"Bob Dittmar","Texas Parks and Wildlife Department","Austin, TX, USA"
53,4,"Robert D. Bradley","Texas Tech University","Lubbock, TX, USA"
53,5,"Warren C. Conway","Texas Tech University","Lubbock, TX, USA"
53,6,"Caleb D. Phillips","Texas Tech University","Lubbock, TX, USA"
54,1,"Thomas J. Yamashita","Texas A&M University-Kingsville","Kingsville, TX, USA"
54,2,"Humberto L. Perotto-Baldivieso","Texas A&M University-Kingsville","Kingsville, TX, USA"
54,3,"Zachary M. Wardle","Texas A&M University-Kingsville","Kingsville, Texas, United States"
54,4,"Richard J. Kline","University of Texas Rio Grande Valley","Port Isabel, TX, USA"
54,5,"Michael E. Tewes","Texas A&M University-Kingsville","Kingsville, TX, USA"
54,6,"John H. Young","Texas Department of Transportation","Austin, Texas, United States"
54,7,"Jason V. Lombardi","Texas A&M University-Kingsville","Kingsville, TX, USA"
55,1,"Jason V. Lombardi","Caesar Kleberg Wildlife Research Institute","Texas A&M University-Kingsville, Kingsville, "
55,2,"Texas",NA,"United States"
55,3,"C. Jane Anderson","Caesar Kleberg Wildlife Research Institute","Texas A&M University-Kingsville, Kingsville, "
55,4,"TX",NA,"USA"
55,5,"David B. Wester","Caesar Kleberg Wildlife Research Institute","Texas A&M University-Kingsville, Kingsville, "
55,6,"Texas",NA,"United States"
55,7,"Shelby B. Carter","Caesar Kleberg Wildlife Research Institute, Texas A&M University-Kingsville","Kingsville, TX, "
55,8,"USA",NA,NA
55,9,"AnnMarie Blackburn",NA,"Caesar Kleberg Wildlife Research Institute, Texas A&M University-Kingsville, "
55,10,"Kingsville",NA,"Texas, United States"
55,11,"Amanda M. Veals","Caesar Kleberg Wildlife Research Institute","Texas A&M University-Kingsville, Kingsville, "
55,12,"TX",NA,"USA"
55,13,"Humberto L. Perotto-Baldivieso",NA,"Caesar Kleberg Wildlife Research Institute, Texas A&M University-"
55,14,"Kingsville",NA,"Kingsville, Texas, United States"
55,15,"Landon Schofield","East Foundation","San Antonio, TX, USA"
55,16,"John H. Young","Division of Environmental Affairs, Texas Department of Transportation","Austin, TX, USA"
55,17,"Michael E. Tewes","Caesar Kleberg Wildlife Research Institute","Texas A&M University-Kingsville, Kingsville, "
55,18,"TX",NA,"USA"
56,1,"Ian A. Mack","Tarleton State University","STEPHENVILLE, TX, USA"
56,2,"Thomas W. Schwertner","Tarleton State University","STEPHENVILLE, TX, USA"
56,3,"Hemanta Kafley","Tarleton State University","STEPHENVILLE, TX, USA"
56,4,"Heather Mathewson","Tarleton State University","STEPHENVILLE, TX, USA"
56,5,"Jeff Breeden","Tarleton State University","STEPHENVILLE, TX, USA"
56,6,"Cheyenne Mack","Tarleton State University","STEPHENVILLE, TX, USA"
56,7,"Tiffany Nash","Tarleton State University","STEPHENVILLE, TX, USA"
57,1,"Bryan D. Spencer","Texas A&M University - Kingsville","Kingsville, TX, USA"
57,2,"David G. Hewitt","Texas A&M University - Kingsville","Kingsville, TX, USA"
57,3,"Randy W. DeYoung","Texas A&M University - Kingsville","Kingsville, TX, USA"
57,4,"J. Alfonso Ortega-S.","Texas A&M University - Kingsville","Kingsville, TX, USA"
57,5,"Aaron M. Foley","Texas A&M University - Kingsville","Kingsville, TX, USA"
57,6,"Tyler A. Campbell","East Foundation","San Antonio, TX, USA"
57,7,"Landon Schofield","East Foundation","San Antonio, TX, USA"
57,8,"Michael J. Cherry","Texas A&M University - Kingsville","Kingsville, TX, USA"
58,1,"Andrea Montalvo","East Foundation","Hebbronville, TX, USA"
58,2,"Camryn Endler","Texas A&M University","College Station, TX, USA"
58,3,"Jason Sawyer","East Foundation","San Antonio, TX, USA"
59,1,"Mycha Van Allen","Texas A&M University","College Station, TX, USA"
60,1,"Andrew Mullaney","Texas A&M International University","Laredo, TX, USA"
60,2,"Cord Eversole","Texas A&M International University","Laredo, TX, USA"
61,1,"Stephen J. DeMaso","U.S. Fish and Wildlife Service/Gulf Coast Joint Venture","Lafayette, LA, USA"
61,2,"WIlliam G. Vermillion","U.S. Fish and Wildlife Service/Gulf Coast Joint Venture","Lafayette, LA, USA"
61,3,"Mark W. Parr","U.S. Fish and Wildlife Service/Gulf Coast Joint Venture","Lafayette, LA, USA"
62,1,"Elizabeth Kurpiers","Texas State University","San Marcos, TX, USA"
62,2,"Floyd Weckerly","Texas State University","San Marcos, TX, USA"
63,1,"Rebecca Zerlin","Texas A&M University- Kingsville","Kingsville, TX, USA"
63,2,"Sandra Rideout-Hanzak","Texas A&M University- Kingsville","Kingsville, TX, USA"
63,3,"David B. Wester","Texas A&M University- Kingsville","Kingsville, TX, USA"
63,4,"Richard Patrock","Texas A&M University- Kingsville","Kingsville, TX, USA"
63,5,"Tyler Campbell","East Foundation","San Antonio, TX, USA"
63,6,"Landon Schofield","East Foundation","San Antonio, TX, USA"
63,7,"Juan Elissetche","Texas A&M University- Kingsville","Kingsville, TX, USA"
65,1,"Margaret T. Sinner","Texas A&M University","College Station, TX, USA"
66,1,"Madeleine A. Thornley","Texas A&M University","College Station, TX, USA"
67,1,"Trey E. Johnson","Texas Tech University","Lubbock, TX, USA"
67,2,"Bradley W. Kubecka","Western Pineywoods Quail Program, Tall Timbers Research Station","Inc., Tallahassee, "
67,3,"FL",NA,"USA"
67,4,"C. Brad Dabbert","Texas Tech University","Lubbock, TX, USA"
68,1,"Liam G. Wolff","Stephen F. Austin State University","Nacogdoches, TX, USA"
68,2,"Daniel Saenz","U.S. Department of Agriculture","Nacogdoches, TX, USA"
68,3,"Clifford E. Shackelford","Texas Parks and Wildlife Department","Nacogdoches, Texas, United States"
68,4,"I-Kuai Hung","Stephen F. Austin State University","Nacogdoches, TX, USA"
68,5,"Christopher M. Schalk","U.S. Department of Agriculture","Nacogdoches, TX, USA"
70,1,"Emily Vincik","Tarleton State University","Stephenville, TX, USA"
70,2,"John Palarski","Rolling Plains Quail Research Foundation","Rotan, TX, USA"
70,3,"Brad Kubečka","Rolling Plains Quail Research Foundation","Rotan, TX, USA"
70,4,"Dale Rollins","Rolling Plains Quail Research Foundation","Rotan, TX, USA"
70,5,"Heather Mathewson","Department of Wildlife and Natural Resources","Tarleton State University, Stephenville, "
70,6,"TX",NA,"USA"
71,1,"Aidan B. Branney","Texas A&M University Kingsville","Kingsville, TX, USA"
71,2,"Thomas J. Yamshita","Texas A&M University Kingsville","Kingsville, TX, USA"
71,3,"Jason V. Lombardi","Texas A&M University Kingsville","Kingsville, TX, USA"
71,4,"Michael J. Cherry","Texas A&M University Kingsville","Kingsville, TX, USA"
71,5,"Michael E. Tewes","Texas A&M University Kingsville","Kingsville, TX, USA"
72,1,"Catalina Berry","Texas A&M International University","Laredo, TX, USA"
72,2,"Cord Eversole","Texas A&M International University","Laredo, TX, USA"
76,1,"Anna Rose Mehner","University of Texas Rio Grande Valley - Brownsville","Brownsville, TX, USA"
76,2,"John H. Young","Environmental Affairs Division, Texas Department of Transportation","Austin, TX, USA"
76,3,"Richard J. Kline","University of Texas Rio Grande Valley - Brownsville","Brownsville, TX, USA"
77,1,"Madison T. Nadler","University of Texas Rio Grande Valley","Brownsville, TX, USA"
77,2,"Kevin Ryer","University of Texas Rio Grande Valley","Brownsville, TX, USA"
77,3,"John Young Jr.","Texas Department of Transportation","Austin, TX, USA"
77,4,"Richard J. Kline","University of Texas Rio Grande Valley","Brownsville, TX, USA"
78,1,"Duston R. Duffie","Texas A&M University-Kingsville","Kingsville, TX, USA"
78,2,"Scott E. Henke","Texas A&M University-Kingsville","Kingsville, TX, USA"
78,3,"Andrew J. Mullaney","Texas A&M International University","Laredo, TX, USA"
78,4,"Cord B. Eversole","Texas A&M International University","Laredo, TX, USA"
82,1,"Christin Moeller","Texas A&M University-Kingsville","Kingsville, TX, USA"
82,2,"Drake Rangel","Texas A&M University-Kingsville","Kingsville, TX, USA"
82,3,"Luke Willard","Texas A&M University-Kingsville","Kingsville, TX, USA"
82,4,"Scott E. Henke","Texas A&M University-Kingsville","Kingsville, TX, USA"
82,5,"Cord B. Eversole","Texas A&M International University","Laredo, TX, USA"
85,1,"Ruby Ayala","Texas A&M International University","Kingsville, TX, USA"
85,2,"Drake Rangel","Texas A&M University-Kingsville","Kingsville, TX, USA"
85,3,"Christin Moeller","Texas A&M University-Kingsville","Kingsville, TX, USA"
85,4,"Luke Willard","Texas A&M University-Kingsville","Kingsville, TX, USA"
85,5,"Scott E. Henke","Texas A&M University-Kingsville","Kingsville, TX, USA"
85,6,"Cord B. Eversole","Texas A&M International University","Laredo, TX, USA"
87,1,"David Rosenbaum","Stephen F. Austin State University","Nacogdoches, TX, USA"
87,2,"Daniel Saenz","United States Forest Service","Nacogdoches, TX, USA"
87,3,"Christopher Schalk","Stephen F. Austin State University","Nacogdoches, Texas, United States"
88,1,"Ariana Rivera","Texas Tech University","Lubbock, TX, USA"
88,2,"Lucas J. Schilder","Texas Tech University","Lubbock, TX, USA"
88,3,"Clint W. Boal","U.S. Geological Survey, Texas Cooperative Fish and Wildlife Research Unit","Lubbock, TX, USA"
90,1,"Caitlin Camp","Borderlands Research Institute, Sul Ross State University","Alpine, TX, USA"
90,2,"Sky Stevens","Borderlands Research Institute, Sul Ross State University","Alpine, TX, USA"
90,3,"Louis Harveson","Borderlands Research Institute, Sul Ross State University","Alpine, TX, USA"
90,4,"Thomas Athens","Big Bend National Park","Brewster County, TX, USA"
90,5,"Patricia Moody Harveson","Borderlands Research Institute, Sul Ross State University","Alpine, TX, USA"
91,1,"Kaylyn E. Smith","Texas A&M University","College Station, TX, USA"
91,2,"Madeleine A. Thornley","Texas A&M University","College Station, TX, USA"
91,3,"Michael L. Morrison","Texas A&M University","College Station, TX, USA"
92,1,"Brianna L. Simonds","Texas A&M University","College Station, TX, USA"
92,2,"Madeleine A. Thornley","Texas A&M University","College Station, TX, USA"
92,3,"Michael L. Morrison","Texas A&M University","College Station, TX, USA"
93,1,"Kaylee L. Lovejoy","Caesar Kleberg Wildlife Research Institute","Texas A&M University-Kingsville, Kingsville, "
93,2,"TX",NA,"USA"
93,3,"Lori D. Massey","Caesar Kleberg Wildlife Research Institute","Texas A&M University-Kingsville, Kingsville, "
93,4,"Texas",NA,"United States"
93,5,"Michael T. Paige","Caesar Kleberg Wildlife Research Institute","Texas A&M University-Kingsville, Kingsville, "
93,6,"TX",NA,"USA"
93,7,"Rider C. Combs","Caesar Kleberg Wildlife Research Institute","Texas A&M University-Kingsville, Kingsville, "
93,8,"Texas",NA,"United States"
93,9,"Humberto L. Perotto-Baldivieso",NA,"Caesar Kleberg Wildlife Research Institute, Texas A&M University-"
93,10,"Kingsville",NA,"Kingsville, TX, USA"
94,1,"Emily R. Bishop","Texas A&M University - Kingsville","Kingsville, TX, USA"
94,2,"Tyler C. Wayland","Caesar Kleberg Wildlife Research Institute","Kingsville, TX, USA"
94,3,"Keith A. Pawelek","Caesar Kleberg Wildlife Research Institute","Kingsville, TX, USA"
94,4,"Sandra Rideout-Hanzak","Texas A&M University - Kingsville","Kingsville, TX, USA"
94,5,"Dustin A. Golembiewski","Texas A&M University - Kingsville","Kingsville, TX, USA"
94,6,"Brianna M. Slothower","Texas A&M University - Kingsville","Kingsville, TX, USA"
94,7,"David B. Wester","Texas A&M University - Kingsville","Kingsville, TX, USA"
96,1,"Corey Fielder","Texas A&M University","College Station, TX, USA"
96,2,"Jared Holmes","Selah, Bamberger Ranch Preserve","Johnson City, TX, USA"
96,3,"Toby Hibbitts",NA,"Biodiversity Research and Teaching Collections, Department of Ecology and Conservation"
96,4,"Biology","Natural Resources Institute, Texas A&M University","College Station, TX, USA"
96,5,"Wade Ryberg","Natural Resources Institute, Texas A&M University","College Station, TX, USA"
97,1,"Alejandra S. Martinez","Stephen F. Austin State University","Nacogdoches, TX, USA"
97,2,"Jessica L. Glasscock","Stephen F. Austin State University","Nacogdoches, TX, USA"
97,3,"Christopher M. Schalk","Stephen F. Austin State University","Nacogdoches, TX, USA"
97,4,"Reuber Antoniazzi","Stephen F. Austin State University","Nacogdoches, TX, USA"
97,5,"Selma N. Glasscock","Welder Wildlife Foundation","Sinton, TX, USA"
98,1,"Abby C. Buckner","Stephen F. Austin State University","Nacogdoches, TX, USA"
98,2,"Christopher B. Carter","Stephen F. Austin State University","Nacogdoches, TX, USA"
100,1,"Danielle C. Deming","Texas Tech University","Lubbock, TX, USA"
100,2,"Warren C. Conway","Texas Tech University","Lubbock, TX, USA"
100,3,"Brian T. Henen","Marine Corps Air to Ground Combat Center","Twentynine Palms, CA, USA"
100,4,"Robert T. Bradley","Texas Tech University","Lubbock, TX, USA"
100,5,"Emily A. Wright","Texas Tech University","Lubbock, TX, USA"
100,6,"Courtney L. Ramsey","Texas Tech University","Lubbock, TX, USA"
102,1,"Jose Silverio Avila Sanchez","Texas A&M University-Kingsville","Kingsville, TX, USA"
102,2,"Bradley K. Johnston","Texas A&M University-Kingsville","Kingsville, TX, USA"
102,3,"Humberto L. Perotto Baldivieso","Texas A&M University-Kingsville","Kingsville, TX, USA"
102,4,"J. Alfonso Ortega-S.","Texas A&M University-Kingsville","Kingsville, TX, USA"
102,5,"Leonard A. Brennan","Texas A&M University-Kingsville","Kingsville, TX, USA"
102,6,"Fidel Hernandez","Texas A&M University-Kingsville","Kingsville, TX, USA"
102,7,"Jason W. Karl","University of Idaho","Moscow, ID, USA"
104,1,"Katelyn Zak","Abilene Christian University","Abilene, TX, USA"
104,2,"Blakely Eller","Abilene Christian University","Abilene, TX, USA"
104,3,"Gracie Granados","Abilene Christian University","Abilene, TX, USA"
105,1,"Lori D. Massey","Texas A&M University-Kingsville","Kingsville, TX, USA"
105,2,"Zachary J. Pearson","Texas A&M University-Kingsville","Kingsville, TX, USA"
105,3,"Aaron Foley","Texas A&M University-Kingsville","Kingsville, TX, USA"
105,4,"Humberto L. Perotto-Baldivieso","Texas A&M University-Kingsville","Kingsville, TX, USA"
105,5,"Jeremy Baumgardt","Texas A&M University-Kingsville","Kingsville, TX, USA"
106,1,"Josef A. Leachman","Tarleton State University","Stephenville, TX, USA"
106,2,"Kathryn Burton","Tarleton State University","Stephenville, TX, USA"
106,3,"Darrel B. Murray","Tarleton State University","Stephenville, TX, USA"
106,4,"Adam B. Mitchell","Tarleton State University","Stephenville, TX, USA"
106,5,"Heather A. Mathewson","Tarleton State University","Stephenville, TX, USA"
107,1,"Akari Katsuta","Caesar Kleberg Wildlife Research Institute, TAMUK","Kingsville, TX, USA"
107,2,"Kathryn M. Sliwa","Caesar Kleberg Wildlife Research Institute, TAMUK","Kingsville, TX, USA"
107,3,"Jeremy A. Baumgardt","Caesar Kleberg Wildlife Research Institute, TAMUK","Kingsville, TX, USA"
107,4,"Randy W. DeYoung","Caesar Kleberg Wildlife Research Institute, TAMUK","Kingsville, TX, USA"
107,5,"J. Alfonso Ortega-S","Caesar Kleberg Wildlife Research Institute, TAMUK","Kingsville, TX, USA"
107,6,"David G. Hewitt","Caesar Kleberg Wildlife Research Institute, TAMUK","Kingsville, TX, USA"
107,7,"John A. Goolsby","USDA Agricultural Research Service","Cattle Fever Tick Research Laboratory, Edinburg, "
107,8,"Texas",NA,"United States"
107,9,"Kimberly H. Lohmeyer",NA,"USDA Agricultural Research Service, Knipling-Bushland U.S. Livestock Insects"
107,10,"Research Laboratory and Veterinary Pest Genomics Center",NA,"Kerrville, TX, USA"
108,1,"Lindsey Chiesl","Tarleton State University","Stephenville, TX, USA"
108,2,"Heather Mathewson","Tarleton State University","Stephenville, TX, USA"
110,1,"Michael A. Kalisek","Texas A&M University - Kingsville","Kingsville, TX, USA"
110,2,"Ashley M. Tanner","Caesar Kleberg Wildlife Research Institute","Texas A&M University - Kingsville, Kingsville, "
110,3,"TX",NA,"USA"
110,4,"Evan P. Tanner","Caesar Kleberg Wildlife Research Institute","Texas A&M University - Kingsville, Kingsville, "
110,5,"TX",NA,"USA"
110,6,"Clayton D. Hilton","Caesar Kleberg Wildlife Research Institute","Texas A&M University - Kingsville, Kingsville, "
110,7,"TX",NA,"USA"
110,8,"Christine Hoskinson","Texas A&M University - Kingsville","Kingsville, TX, USA"
110,9,"Richard L. Sramek","United States Department of Agriculture Wildlife Services","Kingsville, Texas, United States"
110,10,"Katie Garwood","United States Department of Agriculture Wildlife Services","Kingsville, TX, USA"
110,11,"Michael J. Bodenchuk","United States Department of Agriculture Wildlife Services","Kingsville, TX, USA"
112,1,"Doreen M. Mata","Tarleton State University","Stephenville, TX, USA"
112,2,"Tiffany C. Nash","Tarleton State University","Stephenville, Texas, United States"
112,3,"Devin R. Erxleben","Texas Parks and Wildlife Department","Stephenville, TX, USA"
112,4,"Cameron Martin","Texas Parks and Wildlife Department","May, TX, USA"
112,5,"Thomas W. Schwertner","Tarleton State University","Stephenville, Texas, United States"
112,6,"Heather A. Mathewson","Tarleton State University","Stephenville, TX, USA"
113,1,"Tiffany C. Nash","Tarleton State University","Stephenville, TX, USA"
113,2,"Thomas W. Schwertner","Tarleton State University","Stephenville, Texas, United States"
113,3,"Heather A. Mathewson","Tarleton State University","Stephenville, TX, USA"
113,4,"Hemanta Kafley","Tarleton State University","Stephenville, TX, USA"
113,5,"Ian A. Mack","Tarleton State University","Stephenville, TX, USA"
115,1,"Meghan E. Anderson","Texas A&M University- Kingsville","Kingsville, TX, USA"
115,2,"Chloe Bates","Texas A&M University- Kingsville","Kingsville, TX, USA"
115,3,"Humberto L. Perotto-Baldivieso","Texas A&M University- Kingsville","Kingsville, Texas, United States"
115,4,"William P. Kuvlesky","Texas A&M University- Kingsville","Kingsville, TX, USA"
115,5,"Daniel J. Ramirez","Texas A&M University- Kingsville","Kingsville, TX, USA"
115,6,"Joshua Allison","Texas A&M University- Kingsville","Kingsville, Texas, United States"
115,7,"J. Alfonso Ortega","Texas A&M University- Kingsville","Kingsville, TX, USA"
115,8,"Leonard A. Brennan","Texas A&M University- Kingsville","Kingsville, TX, USA"
115,9,"Jason V. Lombardi","Texas A&M University- Kingsville","Kingsville, Texas, United States"
115,10,"Thomas J. Yamashita","Texas A&M University- Kingsville","Kingsville, TX, USA"
115,11,"Willis Sontheimer","Texas Military Department","Austin, TX, USA"
116,1,"Michael McCloy","Texas A&M University","College Station, TX, USA"
116,2,"Jacquelyn K. Grace","Texas A&M University","College Station, TX, USA"
117,1,"Marshall J. Mills","Tarleton State University","Stephenville, TX, USA"
117,2,"Kathryn Burton","Tarleton State University","Stephenville, TX, USA"
117,3,"Josef Leachman","Tarleton State University","Stephenville, TX, USA"
117,4,"Heather Mathewson","Tarleton State University","Stephenville, TX, USA"
122,1,"Catherine E. Edwards","Tarleton State University","Stephenville, TX, USA"
122,2,"Deanna Pfeffer","Kerr Wildlife Management Area, Texas Parks and Wildlife Department","Hunt, TX, USA"
122,3,"Heather A. Mathewson","Tarleton State University","Stephenville, TX, USA"
123,1,"Andrew P. Savage","Texas A&M University - Commerce","Commerce, TX, USA"
124,1,"Bradley Kye Johnston",NA,"Caesar Kleberg Wildlife Research Institute, Texas A&M University-Kingsville, "
124,2,"Kingsville",NA,"TX, USA"
124,3,"Alfonso Ortega-S","Caesar Kleberg Wildlife Research Institute","Texas A&M University-Kingsville, Kingsville, "
124,4,"TX",NA,"USA"
124,5,"Leonard A. Brennan","Caesar Kleberg Wildlife Research Institute","Texas A&M University-Kingsville, Kingsville, "
124,6,"TX",NA,"USA"
124,7,"Humberto L. Perotto-Baldivieso",NA,"Caesar Kleberg Wildlife Research Institute, Texas A&M University-"
124,8,"Kingsville",NA,"Kingsville, TX, USA"
124,9,"Fidel Hernandez","Caesar Kleberg Wildlife Research Institute","Texas A&M University-Kingsville, Kingsville, "
124,10,"TX",NA,"USA"
126,1,"Alexa Campos",NA,"School of Earth, Environmental, And Marine Sciences University of Texas Rio Grande Valley –"
126,2,"Brownville",NA,"TX, USA"
126,3,"Adam Sanjar",NA,"School of Earth, Environmental, And Marine Sciences University of Texas Rio Grande Valley –"
126,4,"Brownville",NA,"TX, USA"
126,5,"Caitlin Brett",NA,"School of Earth, Environmental, And Marine Sciences University of Texas Rio Grande Valley –"
126,6,"Brownville",NA,"TX, USA"
126,7,"John H. Young Jr.","Environmental Affairs Division, Texas Department of Transportation","Austin, TX, USA"
126,8,"Richard J. Kline","School of Earth","Environmental, and Marine Sciences & Department of Biology, University"
126,9,"of Texas Rio Grande Valley – Brownville",NA,"TX, USA"
129,1,"Brianna M. Slothower",NA,"Caesar Kleberg Wildlife Research Institute, Texas A&M University — Kingsville, "
129,2,"Kingsville",NA,"Texas, United States"
129,3,"Anthony Falk","South Texas Natives Project, Caesar Kleberg Wildlife Research Institute","Kingsville, TX, USA"
129,4,"Sandra Rideout-Hanzak",NA,"Caesar Kleberg Wildlife Research Institute, Texas A&M University — Kingsville, "
129,5,"Kingsville",NA,"Texas, United States"
129,6,"Dustin A. Golembiewski",NA,"Caesar Kleberg Wildlife Research Institute, Texas A&M University — Kingsville, "
129,7,"Kingsville",NA,"TX, USA"
129,8,"Emily R. Bishop","Caesar Kleberg Wildlife Research Institute","Texas A&M University — Kingsville, Kingsville, "
129,9,"TX",NA,"USA"
129,10,"David B. Wester","Caesar Kleberg Wildlife Research Institute","Texas A&M University — Kingsville, Kingsville, "
129,11,"TX",NA,"USA"
130,1,"Krystal A. Ruiz","Texas A&M Kingsville","Kingsville, TX, USA"
130,2,"Kathyrn M. Sliwa","Caesar Kleberg Wildlife Research Institute, Texas A&M Kingsville","Kingsville, TX, USA"
130,3,"Jeremy A. Baumgardt","Caesar Kleberg Wildlife Research Institute, Texas A&M Kingsville","Kingsville, TX, "
130,4,"USA",NA,NA
130,5,"Jeremy Baumgardt","Caesar Kleberg Wildlife Research Institute, Texas A&M Kingsville","Kingsville, TX, USA"
130,6,"Randy W. DeYoung","Caesar Kleberg Wildlife Research Institute, Texas A&M Kingsville","Kingsville, TX, USA"
130,7,"J. Alfonso Ortega-S","Caesar Kleberg Wildlife Research Institute, Texas A&M Kingsville","Kingsville, TX, USA"
130,8,"David G. Hewitt","Caesar Kleberg Wildlife Research Institute, Texas A&M Kingsville","Kingsville, TX, USA"
130,9,"John A. Goolsby","USDA Agricultural Research Service","Cattle Fever Tick Research Laboratory, Edinburg, "
130,10,"Texas",NA,"United States"
130,11,"Kimberly H. Lohmeyer",NA,"USDA Agricultural Research Service, Knipling-Bushland U.S. Livestock Insects"
130,12,"Research Laboratory and Veterinary Pest Genomics Center",NA,"Kerrville, TX, USA"
131,1,"Alyssa Ruth Hurley","Tarleton State University","Stephenville, TX, USA"
131,2,"Heather Mathewson","Tarleton State University","Stephenville, TX, USA"
133,1,"Cole C. Anderson","Caesar Kleberg Wildlife Research Institute","Texas A&M University–Kingsville, Kingsville, "
133,2,"TX",NA,"USA"
133,3,"Randy W. DeYoung","Caesar Kleberg Wildlife Research Institute","Texas A&M University–Kingsville, Kingsville, "
133,4,"TX",NA,"USA"
133,5,"Michael J. Cherry","Caesar Kleberg Wildlife Research Institute","Texas A&M University–Kingsville, Kingsville, "
133,6,"TX",NA,"USA"
133,7,"Charles A. DeYoung",NA,"Caesar Kleberg Wildlife Research Institute, Texas A&M University–Kingsville, "
133,8,"Kingsville",NA,"TX, USA"
133,9,"David G. Hewitt","Caesar Kleberg Wildlife Research Institute","Texas A&M University–Kingsville, Kingsville, "
133,10,"TX",NA,"USA"
133,11,"Matthew Moore","Faith Ranch","Carrizo Springs, TX, USA"
133,12,"Stuart W. Stedman","Faith Ranch","Carrizo Springs, TX, USA"
135,1,"Nadia N. Castanon","Texas A&M University- Kingsville","Kingsville, TX, USA"
135,2,"Kathryn M. Sliwa","Texas A&M University- Kingsville","Kingsville, TX, USA"
135,3,"Jeremy A. Baumgardt","Texas A&M University- Kingsville","Kingsville, TX, USA"
135,4,"Randy W. DeYoung","Texas A&M University- Kingsville","Kingsville, TX, USA"
135,5,"J. Alfonso Ortega-S","Texas A&M University- Kingsville","Kingsville, TX, USA"
135,6,"David G. Hewitt","Texas A&M University- Kingsville","Kingsville, TX, USA"
135,7,"John A. Goolsby","USDA Agricultural Research Service","Edinburg, TX, USA"
135,8,"Kimberly H. Lohmeyer","USDA Agricultural Research Service","Kerrville, TX, USA"
137,1,"Jamie Liang","Trinity University","San Antonio, TX, USA"
137,2,"Troy G. Murphy","Trinity University","San Antonio, TX, USA"
139,1,"Zachary M. Wardle","Texas A&M University-Kingsville","Kingsville, TX, USA"
139,2,"Jason V. Lombardi","Texas A&M University-Kingsville","Kingsville, TX, USA"
139,3,"Michael E. Tewes","Texas A&M University-Kingsville","Kingsville, TX, USA"
141,1,"Emily McGhee","Tarleton State University","Stephenville, TX, USA"
141,2,"Heather Mathewson","Tarleton State University","Stephenville, TX, USA"
141,3,"Kathryn Burton","Tarleton State University","Stephenville, TX, USA"
141,4,"John Palarski","Tarleton State University","Stephenville, TX, USA"
143,1,"MATTI R. BRADSHAW","Texas A&M University- Kingsville","Kingsville, TX, USA"
143,2,"GEORGINA R. ECCLES","Texas A&M University- Kingsville","Kingsville, TX, USA"
143,3,"JAMES H. DEVRIES","Ducks Unlimited Canada","Institute for Wetland & Waterfowl Research, Stonewall, "
143,4,"Manitoba",NA,"Canada"
143,5,"KEVIN J. KRAAI","Texas Parks and Wildlife Department","Amarillo, TX, USA"
143,6,"DANIEL P. COLLINS","U.S. Fish and Wildlife Service, Region 2","Albuquerque, NM, USA"
143,7,"JAY A. VONBANK","USGS, Northern Prairie Wildlife Research Center","Jamestown, ND, USA"
143,8,"J. DALE JAMES","Ducks Unlimited, Inc., Southern Region","Ridgeland, MS, USA"
143,9,"PAUL LINK","Louisiana Department of Wildlife and Fisheries","Grand Chenier, LA, USA"
143,10,"MASON CLINE","New Mexico Department of Game and Fish","Santa Fe, NM, USA"
143,11,"BART M. BALLARD","Texas A&M University- Kingsville","Kingsville, TX, USA"
145,1,"Matthew Swerdfeger","Texas A&M University-Commerce","Greenville, TX, USA"
146,1,"Samantha J. Leivers","Texas A&M","College Station, TX, USA"
146,2,"Anna C. Racey","Texas A&M","College Station, TX, USA"
146,3,"Gracie Daugherty","Texas A&M","College Station, TX, USA"
146,4,"Tyler A. Campbell","East Foundation","San Antonio, TX, USA"
146,5,"John M. Tomeček","Texas A&M","College Station, TX, USA"
148,1,"Scott E. Henke","Texas A&M University-Kingsville","Kingsville, TX, USA"
148,2,"David B. Wester","Texas A&M University-Kingsville","Kingsville, TX, USA"
148,3,"Cord B. Eversole","Texas A&M International University","Laredo, TX, USA"
148,4,"Javier O. Huerta","Texas A&M University-Kingsville","Kingsville, TX, USA"
149,1,"Jared Daniel Guidry","Concordia University Texas","Austin, TX, USA"
152,1,"Thomas S. Janke","Oaks and Prairies Joint Venture & Pheasants Forever Inc./Quail Forever","Marble Falls, TX, "
152,2,"USA",NA,NA
152,3,"Heath D. Starns","Texas A&M AgriLife Extension","College Station, Texas, United States"
152,4,"Derek Wiley","Oaks and Prairies Joint Venture & Texas Parks and Wildlife Department","Throckmorton, TX, "
152,5,"USA",NA,NA
153,1,"Lark Holland Trainer","Tarleton State University","Stephenville, TX, USA"
153,2,"Adam B. Mitchell","Tarleton State University","Stephenville, TX, USA"
154,1,"Joshua Allison","Ceasar Kleberg Wildlife Research Institute, Texas A&M University","Kingsville, TX, USA"
154,2,"Chloe Bates","Ceasar Kleberg Wildlife Research Institute, Texas A&M University","Kingsville, TX, USA"
154,3,"Humberto Perotto-Baldivieso","Ceasar Kleberg Wildlife Research Institute","Texas A&M University, Kingsville, "
154,4,"TX",NA,"USA"
154,5,"William Kuvlesky","Ceasar Kleberg Wildlife Research Institute, Texas A&M University","Kingsville, TX, USA"
154,6,"Alfonso Ortega Santos","Ceasar Kleberg Wildlife Research Institute, Texas A&M University","Kingsville, TX, "
154,7,"USA",NA,NA
154,8,"Meghan Anderson","Ceasar Kleberg Wildlife Research Institute, Texas A&M University","Kingsville, Texas, "
154,9,"United States",NA,NA
154,10,"Daniel Ramirez","Ceasar Kleberg Wildlife Research Institute, Texas A&M University","Kingsville, TX, USA"
154,11,"Lenny Brennan","Ceasar Kleberg Wildlife Research Institute, Texas A&M University","Kingsville, TX, USA"
154,12,"Jason Lombardi","Ceasar Kleberg Wildlife Research Institute, Texas A&M University","Kingsville, TX, USA"
154,13,"Thomas Yamashita","Ceasar Kleberg Wildlife Research Institute, Texas A&M University","Kingsville, TX, USA"
154,14,"Willis Sontheimer","Texas Military Department","Austin, TX, USA"
155,1,"Connor S. Adams","Stephen F. Austin State University","Nacogdoches, TX, USA"
155,2,"Carmen G. Montana","Stephen F. Austin State University","Nacogdoches, Texas, United States"
155,3,"Daniel Saenz","U.S. Forest Service","Nacogdoches, TX, USA"
155,4,"Christopher M. Schalk","Stephen F. Austin State University","Nacogdoches, TX, USA"
156,1,"Derek Malone","Texas Tech University","Lubbock, TX, USA"
156,2,"Clint W. Boal",NA,"U. S. Geological Survey Texas Cooperative Fish & Wildlife Research Unit, Texas Tech"
156,3,"University",NA,"Lubbock, TX, USA"
156,4,"Russel Martin","Texas Parks and Wildlife Department","Lubbock, TX, USA"
156,5,"Richard Stevens","Texas Tech University","Lubbock, TX, USA"
156,6,"Carlos Villalobos","Texas Tech University","Lubbock, TX, USA"
157,1,"Maia Dykstra","Trinity University","San Antonio, TX, USA"
157,2,"Troy G. Murphy","Trinity University","San Antonio, TX, USA"
158,1,"Rachel Correia","East Foundation","Hebbronville, TX, USA"
158,2,"Bryan D. Spencer","Texas A&M University-Kingsville","Kingsville, Texas, United States"
158,3,"Miranda L. Hopper","Texas A&M University-Kingsville","Kingsville, TX, USA"
158,4,"Michael J. Cherry","Texas A&M University-Kingsville","Kingsville, TX, USA"
158,5,"Andrea Montalvo","East Foundation","Hebbronville, Texas, United States"
159,1,"Doreen M. Mata","Tarleton State University","Stephenville, TX, USA"
159,2,"Tiffany C. Nash","Tarleton State University","Stephenville, TX, USA"
159,3,"Devin R. Erxleben","Texas Parks and Wildlife Department","Stephenville, TX, USA"
159,4,"Jeff Brady",NA,"Department of Soil and Crop Sciences & Texas A&M AgriLife Research Center, Department of Soil"
159,5,"and Crop Sciences & Texas A&M AgriLife Research Center",NA,"Stephenville, TX, USA"
159,6,"Cameron Martin","Texas Parks and Wildlife Department","May, TX, USA"
159,7,"Thomas W. Schwertner","Tarleton State University","Stephenville, TX, USA"
159,8,"Heather A. Mathewson","Tarleton State University","Stephenville, TX, USA"
160,1,"Tiffany C. Nash","Tarleton State University","Stephenville, TX, USA"
160,2,"Doreen M. Mata","Tarleton State University","Stephenville, TX, USA"
160,3,"Diego C. Saenz","Tarleton State University","Stephenville, TX, USA"
160,4,"Colton Nolen","Texas Parks and Wildlife Department","Gordon, TX, USA"
160,5,"Devin R. Erxleben","Texas Parks and Wildlife Department","Stephenville, TX, USA"
160,6,"Jeff Brady","Texas A&M AgriLife Research Center","Stephenville, TX, USA"
160,7,"Heather A. Mathewson","Tarleton State University","Stephenville, TX, USA"
160,8,"Thomas W. Schwertner","Tarleton State University","Stephenville, TX, USA"
161,1,"Christin Moeller","Texas A&M University-Kingsville","Kingsville, TX, USA"
161,2,"Drake Rangel","Texas A&M University-Kingsville","Kingsville, TX, USA"
161,3,"Luke Willard","Texas A&M University-Kingsville","Kingsville, TX, USA"
161,4,"Scott E. Henke","Texas A&M University-Kingsville","Kingsville, TX, USA"
161,5,"Cord B. Eversole","Texas A&M International University","Laredo, TX, USA"
161,6,"Ruby Ayala","Texas A&M International University","Kingsville, TX, USA"
162,1,"Mattityahu Baron","The University of Texas at Austin","Austin, TX, USA"
162,2,"Jennifer Miller","The University of Texas at Austin","Austin, Texas, United States"
162,3,"Moses Selebatso",NA,"Kalahari Research & Conservation, Maun, Botswana"
163,1,"Brandon Bowers","Natural Resources Institute, Texas A&M University","College Station, Texas, United States"
163,2,"Danielle Walkup","Natural Resources Institute, Texas A&M University","College Station, TX, USA"
163,3,"Toby Hibbitts","Biodiversity Research and Teaching Collection, Texas A&M University","College Station, TX, "
163,4,"USA",NA,NA
163,5,"Paul Crump","Texas Parks and Wildlife Department","Austin, TX, USA"
163,6,"Wade Ryberg","Natural Resources Institute, Texas A&M University","College Station, TX, USA"
NA,1,"Katheryn Watson","Texas Tech University","Lubbock, TX, USA"
NA,1,"Wade A. Ryberg","Texas A&M Natural Resources Institute","College Station, TX, USA"
NA,1,"Brittany L. Slabach","Trinity University","San Antonio, TX, USA"
NA,1,"Alec Baker","Texas A&M","Uvalde, TX, USA"
NA,1,"Pat Jackson","Nevada Department of Wildlife","Reno, NV, USA"
NA,1,"Nacogdoches",NA,"TX, USA"
NA,2,"Clint W. Boal",NA,"U. S. Geological Survey, Texas Cooperative Fish and Wildlife Research Unit, Texas Tech"
NA,2,"Danielle Walkup","Texas A&M Natural Resources Institute","College Station, TX, USA"
NA,2,"Matthew J. Buchholz","Texas Tech University","Lubbock, TX, USA"
NA,2,"Tammi Johnson","Texas A&M AgriLife Research","Uvalde, TX, USA"
NA,2,"Peter Iacono","Utah State University","Logan, UT, USA"
NA,2,"Brian P. Oswald",NA,"Arthur Temple College of Forestry and Agriculture, Stephen F. Austin State University, "
NA,3,"University",NA,"Lubbock, TX, USA"
NA,3,"Corey Fielder","Texas A&M Natural Resources Institute","College Station, TX, USA"
NA,3,"Warren C. Conway","Texas Tech University","Lubbock, TX, USA"
NA,3,"Albert Mulenga","Texas A&M","College Station, TX, USA"
NA,3,"David Stoner","Utah State University","Logan, UT, USA"
NA,3,"Nacogdoches",NA,"TX, USA"
NA,4,"James D. Ray","Consolidated Nuclear Security, LLC, USDOE/NNSA Pantex Plant","Amarillo, TX, USA"
NA,4,"Brandon Bowers","Texas A&M Natural Resources Institute","College Station, TX, USA"
NA,4,"Blake A. Grisham","Texas Tech University","Lubbock, TX, USA"
NA,4,"Pia Olafson","United States Department of Agriculture","Kerrville, TX, USA"
NA,4,"Kathryn Schoenecker","United States Geological Survey","Ft. Collins, CO, USA"
NA,4,"Kathryn R. Kidd",NA,"Arthur Temple College of Forestry and Agriculture, Stephen F. Austin State University, "
NA,5,"Toby Hibbitts","Texas A&M Natural Resources Institute","College Station, Texas, United States"
NA,5,"Kelly Lyons","Trinity University","San Antonio, Texas, United States"
NA,5,"Nacogdoches",NA,"TX, USA"
NA,6,"Paul Crump","Texas Parks & Wildlife Department","Austin, TX, USA"
NA,6,"Troy Murphy","Trinity University","San Antonio, TX, USA"
NA,6,"Jessica L. Glasscock",NA,"Arthur Temple College of Forestry and Agriculture, Stephen F. Austin State University, "
NA,7,"Russell Martin","Texas Parks & Wildlife Department","Canyon, TX, USA"
NA,7,"Nacogdoches",NA,"TX, USA"
NA,8,"Krysta Demere","Texas Parks & Wildlife Department","Alpine, TX, USA"
